{"cameraMode":{"drawMode":0,"name":"Shaded","section":"Shading Mode"},"sceneLighting":true,"audioPlay":false,"sceneViewState":{"showFog":true,"showMaterialUpdate":false,"showSkybox":true,"showFlares":true,"showImageEffects":true,"showParticleSystems":true},"in2DMode":false,"pivot":{"x":21.296245574951173,"y":19.206134796142579,"z":-20.151123046875},"rotation":{"x":-0.017995955422520639,"y":0.02640167996287346,"z":-0.00047500990331172943,"w":-0.9994893670082092},"size":38.95851516723633,"orthographic":false}