{"cameraMode":{"drawMode":0,"name":"Shaded","section":"Shading Mode"},"sceneLighting":true,"audioPlay":false,"sceneViewState":{"showFog":true,"showMaterialUpdate":false,"showSkybox":true,"showFlares":true,"showImageEffects":true,"showParticleSystems":true},"in2DMode":false,"pivot":{"x":47.79669189453125,"y":12.596057891845704,"z":6.519081115722656},"rotation":{"x":0.22017249464988709,"y":-0.009666191413998604,"z":0.002181455260142684,"w":0.9754106402397156},"size":127.95661926269531,"orthographic":false}